id,title,section
1,Science & Discovery: Unveiling the Unknown,Science & Discovery
2,Lifestyle: Trends and Traditions,Lifestyle
3,Environment: Protecting Our Planet,Environment
4,Technology: Changing the Way We Connect,Technology
5,Local News: Community Stories,Local News
6,Sports: Unforgettable Moments,Sports
7,Arts & Entertainment: Celebrating Creativity,Arts & Entertainment
8,Health & Science: Advances in Medicine,Health & Science
9,Business & Finance: Economic Trends,Business & Finance
10,Science & Discovery: Notable Advances,Science & Discovery
11,Lifestyle: Changing Habits and Preferences,Lifestyle
12,Environment: Preserving Our Planet,Environment
13,Technology: Shaping the Future,Technology
14,Education: Innovations in Learning,Education
15,Sports: Unforgettable Moments,Sports
16,Arts & Entertainment: Celebrating Creativity,Arts & Entertainment
17,Health & Science: Advances in Wellness,Health & Science
18,Business & Finance: Economic Insights,Business & Finance
19,Science & Discovery: Unraveling Mysteries,Science & Discovery
20,Lifestyle: Trends and Traditions,Lifestyle
21,Environmental Conservation: A Global Perspective,Environment
22,Technology in Education: Changing Paradigms,Education
23,Community Stories: Local News Highlights,Local News
24,Cultural Evolution in Arts & Entertainment,Arts & Entertainment
25,Future of Medicine: Transformative Advances,Health & Science
26,Business & Finance: Adapting to Change,Business & Finance
27,Frontiers of Science: Breakthroughs and Challenges,Science & Discovery
28,Wellness Trends: A Healthier Tomorrow,Lifestyle
29,Greening Urban Spaces: Community Gardens,Environment
30,Technological Impact on Daily Life,Technology
31,Innovations in Learning: Shaping Education,Education
32,Legendary Sporting Moments,Sports
33,A Decade of Arts and Entertainment,Arts & Entertainment
34,Healthcare Innovations: Impact on Society,Health & Science
35,Business Strategies for the Future,Business & Finance
36,Exploring the Cosmos: Astrophysical Discoveries,Science & Discovery
37,Changing Lifestyle Trends,Lifestyle
38,Nature Conservation in Local Communities,Environment
39,Social Media Revolution: The Changing Landscape,Technology
40,Advancements in Personalized Medicine,Health & Science
41,Local Environmental Initiatives,Local News
42,Immersive Entertainment: Virtual Reality Trends,Arts & Entertainment
43,Financial Strategies for a Changing Economy,Business & Finance
44,Journey to the Stars: Space Exploration,Science & Discovery
45,Culinary Trends: From Farm to Table,Lifestyle
46,Biodiversity Conservation: Global Initiatives,Environment
47,Smart Cities: Urban Planning for Tomorrow,Technology
48,Innovations in Education: A Journey Through Time,Education
49,Sports Excellence: Defining the 2010s,Sports
50,The Decade in Film: Blockbusters and Beyond,Arts & Entertainment
51,Telehealth Revolution: Transforming Healthcare,Health & Science
52,Global Economic Shifts: A Retrospective,Business & Finance
53,Cultural Heritage in the Arts,Lifestyle
54,A Decade of Technological Progress,Technology
55,Genomic Revolution: Progress in Gene Editing,Health & Science
56,Innovations in Green Architecture,Environment
57,Sports Triumphs: Memorable Moments,Sports
58,Decade of Cinematic Marvels,Arts & Entertainment
59,Community Resilience in Challenging Times,Local News
60,Artificial Intelligence in Everyday Life,Technology
61,The Future of Remote Work,Business & Finance
62,Mars Exploration: Unveiling the Red Planet,Science & Discovery
63,Fashion Trends: A Decade in Style,Lifestyle
64,Renewable Energy: From Promise to Reality,Environment
65,Transformation in Education Technology,Education
66,Sports Icons: A Look Back at the Legends,Sports
67,Evolution of Digital Art in Entertainment,Arts & Entertainment
68,Political Changes: A Reflection on the 2010s,Politics
69,Advances in Neuroscience Research,Health & Science
70,Global Trade Dynamics in the Last Decade,Business & Finance
71,Conservation Efforts: Protecting Wildlife,Environment
72,The Age of Quantum Computing,Technology
73,Science & Discovery: Unveiling the Unknown,Science & Discovery
74,Lifestyle: Trends and Traditions,Lifestyle
75,Environment: Protecting Our Planet,Environment
76,Technology: Changing the Way We Connect,Technology
77,Local News: Community Stories,Local News
78,Sports: Unforgettable Moments,Sports
79,Arts & Entertainment: Celebrating Creativity,Arts & Entertainment
80,Health & Science: Advances in Medicine,Health & Science
81,Business & Finance: Economic Trends,Business & Finance
82,Science & Discovery: Notable Advances,Science & Discovery
83,Lifestyle: Changing Habits and Preferences,Lifestyle
84,Environment: Preserving Our Planet,Environment
85,Technology: Shaping the Future,Technology
86,Education: Innovations in Learning,Education
87,Sports: Unforgettable Moments,Sports
88,Arts & Entertainment: Celebrating Creativity,Arts & Entertainment
89,Health & Science: Advances in Wellness,Health & Science
90,Business & Finance: Economic Insights,Business & Finance
91,Science & Discovery: Unraveling Mysteries,Science & Discovery
92,Lifestyle: Trends and Traditions,Lifestyle
93,Environmental Conservation: A Global Effort,Environment
94,The Role of Technology in Education,Education
95,Local News: Stories That Resonated,Local News
96,Cultural Evolution: Arts & Entertainment,Arts & Entertainment
97,Innovations in Medicine: Future Perspectives,Health & Science
98,Business & Finance: Adapting to Change,Business & Finance
99,Exploring Scientific Frontiers,Science & Discovery
100,Healthy Living: Wellness Trends,Lifestyle
101,Community Gardens: Greening Urban Spaces,Environment
102,The Impact of Technology on Daily Life,Technology
103,Educational Innovations: Shaping Young Minds,Education
104,Legendary Sporting Moments,Sports
105,A Decade of Arts and Entertainment,Arts & Entertainment
106,Healthcare Innovations: Changing Lives,Health & Science
107,Business Strategies for the Future,Business & Finance
108,Discoveries in Astrophysics,Science & Discovery
109,Lifestyle Trends: A Decade in Review,Lifestyle
110,Nature Conservation in Local Communities,Environment
111,The Evolution of Social Media,Technology
112,Advancements in Personalized Healthcare,Health & Science
113,Local Environmental Initiatives,Local News
114,Immersive Entertainment in the Digital Age,Arts & Entertainment
115,Financial Strategies for a Changing World,Business & Finance
116,Mysteries of the Universe: Space Exploration,Science & Discovery
117,Exploring Culinary Trends,Lifestyle
118,Promoting Biodiversity: Conservation Efforts,Environment
119,The Rise of Smart Cities,Technology
120,Innovations in Learning: Educational Frontiers,Education
121,Athletic Triumphs: Unforgettable Moments,Sports
122,The Cinematic Journey of the 2010s,Arts & Entertainment
123,Advances in Telemedicine and Healthcare,Health & Science
124,Economic Shifts: Trends in Business,Business & Finance
125,Exploring Cultural Heritage in the Arts,Lifestyle
126,Tech Giants: A Decade of Innovation,Technology
127,Revolutionizing Genetic Research,Health & Science
128,Innovations in Sustainable Architecture,Environment
129,10 Years of Olympic Achievements,Sports
130,The Influence of Pop Culture on Society,Arts & Entertainment
131,Community Resilience in Times of Crisis,Local News
132,The Impact of Artificial Intelligence on Society,Technology
133,The Changing Landscape of Employment,Business & Finance
134,Space Exploration: Beyond Our Solar System,Science & Discovery
135,Fashion Through the Ages: A Retrospective,Lifestyle
136,Renewable Energy: Progress and Challenges,Environment
137,Innovations in Educational Technology,Education
138,Sports Legends: Icons of the Last 10 Years,Sports
139,The Evolution of Theater and Performing Arts,Arts & Entertainment
140,Political Transformation: A Decade in Review,Politics
141,Advancements in Cancer Treatment,Health & Science
142,Global Economic Trends in the 2010s,Business & Finance
143,Environmental Activism: Voices for Change,Environment
144,Science & Discovery: Unveiling the Unknown,Science & Discovery
145,Lifestyle: Trends and Traditions,Lifestyle
146,Environment: Protecting Our Planet,Environment
147,Technology: Changing the Way We Connect,Technology
148,Local News: Community Stories,Local News
149,Sports: Unforgettable Moments,Sports
150,Arts & Entertainment: Celebrating Creativity,Arts & Entertainment
151,Health & Science: Advances in Medicine,Health & Science
152,Business & Finance: Economic Trends,Business & Finance
153,Science & Discovery: Notable Advances,Science & Discovery
154,Lifestyle: Changing Habits and Preferences,Lifestyle
155,Environment: Sustainable Living Practices,Environment
156,Technology: The Evolution of Gadgets,Technology
157,Education: Innovations in Learning,Education
158,Sports: A Decade of Athletic Achievements,Sports
159,Arts & Entertainment: Cultural Highlights,Arts & Entertainment
160,Health & Science: Breakthroughs in Research,Health & Science
161,Business & Finance: Strategies for Success,Business & Finance
162,Science & Discovery: Exploring New Frontiers,Science & Discovery
163,Lifestyle: Trends and Traditions,Lifestyle
164,Environment: Preserving Our Natural Resources,Environment
165,Technology: Transforming Daily Life,Technology
166,Local News: Community Stories,Local News
167,Arts & Entertainment: Cultural Evolution,Arts & Entertainment
168,Health & Science: Advancements in Wellness,Health & Science
169,Business & Finance: Navigating Economic Landscapes,Business & Finance
170,Science & Discovery: Unraveling Mysteries,Science & Discovery
171,Culinary Delights: A Journey Through Flavors,Lifestyle
172,Local Initiatives for a Greener Community,Environment
173,"Technology in Focus: Past, Present, and Future",Technology
174,Education Trends: Shaping Young Minds,Education
175,Sports: Memorable Achievements,Sports
176,Arts & Entertainment: Cultural Highlights,Arts & Entertainment
177,Business & Finance: A Decade in Review,Business & Finance
178,Science and Discovery: Noteworthy Breakthroughs,Science & Discovery
179,Lifestyle Trends: Changing Habits,Lifestyle
180,Environmental Stewardship: Progress and Challenges,Environment
181,Tech Giants: Decade of Innovation,Technology
182,Innovations in Medicine: The Future of Healthcare,Health & Science
183,Local News: Stories That Shaped Communities,Local News
184,Entertainment Industry: A Decade of Creativity,Arts & Entertainment
185,Health and Wellness in the 21st Century,Health & Science
186,Business Strategies: Adapting to Change,Business & Finance
187,Space Exploration: Unraveling Cosmic Mysteries,Science & Discovery
188,Cultural Diversity in the Arts,Lifestyle
189,Sustainable Living: A Path Forward,Environment
190,Technology Trends: Shaping Our Future,Technology
191,Education in the Digital Age,Education
192,Olympic Glory: Historic Sporting Moments,Sports
193,Arts and Entertainment: A Cultural Retrospective,Arts & Entertainment
194,Healthcare Innovations: Improving Lives,Health & Science
195,Global Business Trends in the 21st Century,Business & Finance
196,The Wonders of Science: Notable Discoveries,Science & Discovery
197,Fashion Trends: A Decade in Style,Lifestyle
198,Environmental Conservation: Challenges and Progress,Environment
199,Sports Icons: Memorable Moments,Sports
200,Entertainment Industry Evolution,Arts & Entertainment
201,Medical Breakthroughs: Saving Lives,Health & Science
202,Business Strategies in the Changing Global Landscape,Business & Finance
203,Space Exploration: The Next Frontiers,Science & Discovery
204,Culinary Trends: A Decade in Food,Lifestyle
205,The Impact of Technology on Society,Technology
206,AI in Healthcare: Transforming Patient Experience,Health & Science
207,Local Initiatives for Environmental Sustainability,Environment
208,Art in the Digital Age: Changing Perspectives,Arts & Entertainment
209,Future of Work: Adapting to New Realities,Business & Finance
210,Space Missions of the Last Decade,Science & Discovery
211,The Art of Healthy Living,Lifestyle
212,Community Gardens: Growing Green Spaces,Environment
213,Technological Marvels: A Journey Through Time,Technology
214,Educational Innovations: Shaping the Future,Education
215,Athletes as Role Models: Beyond the Game,Sports
216,Music Evolution: Genres That Defined the Decade,Arts & Entertainment
217,Humanitarian Efforts in Crisis Response,Local News
218,Global Business Trends in the 2010s,Business & Finance
219,Exploring Culinary Delights Across the Decade,Lifestyle
220,The Tech Revolution: A Look Back,Technology
221,Breakthroughs in Neuroscience Research,Health & Science
222,Environmental Conservation: Success Stories,Environment
223,Champions Across Generations: Sports Legends,Sports
224,Celebrating Diversity in Film and Television,Arts & Entertainment
225,Innovations in Healthcare Delivery,Health & Science
226,Digital Transformation in Business Strategies,Business & Finance
227,Space Exploration: Discoveries Beyond Earth,Science & Discovery
228,The Evolution of Fashion Trends,Lifestyle
229,Climate Change and Global Initiatives,Environment
230,Empowering Students: The Future of Education,Education
231,Sports Achievements: A Journey Through the Years,Sports
232,Revolutionizing Art: Digital Mediums Take Center Stage,Arts & Entertainment
233,Political Landscape: A Decade in Politics,Politics
234,Advancements in Gene Editing Technology,Health & Science
235,The Rise of Cryptocurrency in Financial Markets,Business & Finance
236,The Future of Robotics: Changing Industries,Technology
237,Innovations in Healthcare Technology,Health & Science
238,Local Heroes: Stories of Resilience,Local News
239,Entertainment Industry Trends: A Decade in Review,Arts & Entertainment
240,Remote Work Revolution: Lessons from the Pandemic,Business & Finance
241,Scientific Breakthroughs of the Decade,Science & Discovery
242,Cultural Shifts in the 2020s: A Reflection,Lifestyle
243,Sustainable Living: A Path for the Next Decade,Environment
244,Tech Trends Shaping the Future,Technology
245,The Future of Learning: Education Technology,Education
246,Sports in the 21st Century: Trends and Transformations,Sports
247,Movie Magic: Notable Films of the Last 10 Years,Arts & Entertainment
248,Mental Health in Focus: Challenges and Progress,Health & Science
249,Adapting Business Models to the Digital Age,Business & Finance
250,Space Discoveries: Unveiling the Cosmos,Science & Discovery
251,Fashion Trends: A Look Back at the Past Decade,Lifestyle
252,The Impact of Climate Change on Local Ecosystems,Environment
253,Tech Giants in the 2020s: A Retrospective,Technology
254,AI in Healthcare: Transforming Patient Care,Health & Science
255,Local Initiatives for a Greener Tomorrow,Local News
256,Virtual Reality and the Entertainment Landscape,Arts & Entertainment
257,Financial Strategies for a Post-Pandemic World,Business & Finance
258,SpaceX Launches Historic Mission to Mars,Science & Discovery
259,The Art of Culinary Innovation,Lifestyle
260,Community Gardens: Growing Together,Environment
261,A Glimpse into the Future of Transportation,Technology
262,Navigating the New Normal in Education,Education
263,Sportsmanship and Fair Play in Athletics,Sports
264,Cinematic Marvels: Blockbusters of the Decade,Arts & Entertainment
265,Healthcare Innovations in a Changing World,Health & Science
266,Digital Transformation in Business,Business & Finance
267,The Future of Travel: Trends and Technologies,Lifestyle
268,Breaking Barriers: Women in STEM,Science & Discovery
269,Advancements in Renewable Energy,Environment
270,Olympic Triumphs and Challenges,Sports
271,The Evolution of Music in the Digital Age,Arts & Entertainment
272,Local Heroes: Making a Difference in Communities,Local News
273,Artificial Intelligence in Everyday Life,Technology
274,Future of Work: Adapting to Remote Paradigms,Business & Finance
275,Innovations in Space Exploration,Science & Discovery
276,Exploring the Latest Trends in Fashion,Lifestyle
277,The Green Revolution: Sustainable Living,Environment
278,Education in the 21st Century,Education
279,Sports Champions: Highlights from the Past 10 Years,Sports
280,Celebrating Cultural Diversity in the Arts,Arts & Entertainment
281,Political Shifts: A Decade in Review,Politics
282,Breakthroughs in Medical Research,Health & Science
283,Economic Recovery Amidst Global Challenges,Business & Finance
284,Global Efforts to Combat Climate Change,Environment
285,Technological Advancements Transform Society,Technology
